INSERT into COLLEGE values('PES University', 'Outer Ring Road', 'pesuniversity@gmail.com' , 'Rahul Sharma',874002841);
INSERT into COLLEGE values('University of Michigan', 'Harley Street', 'university_michigan@gmail.com', 'Mike Ross', 972495912);
INSERT into COLLEGE values('Cornell University',  NULL, 'cornellu@gmail.com','Kate Pearson', 789338473);

INSERT into DEPARTMENT values('Computer Science', 101, 'Harvey Spectre', 480, 'PES University', 1893);
INSERT into DEPARTMENT values('Electronics and Communication', 102, 'Sindu Kumar', 240, 'PES University', 2051);
INSERT into DEPARTMENT values('Biotechnology', 201, 'Arya James', 267,'University of Michigan', 100045);
INSERT into DEPARTMENT values('Electrical', 203, 'Sam Brown', 100, 'University of Michigan', 100036);
INSERT into DEPARTMENT values('Mechanical', 402, 'Brooke Paulson', 150, 'Cornell University', 103);

INSERT into DEPT_LOCATIONS values(101, 'A-Block, 2nd floor');
INSERT into DEPT_LOCATIONS values(102, 'A-Block, 3rd floor');
INSERT into DEPT_LOCATIONS values(201, 'C-Block');
INSERT into DEPT_LOCATIONS values(203, 'E-Block');
INSERT into DEPT_LOCATIONS values(402, 'B-Block');

INSERT into DOMAIN1 values('10101', 'Data Structures',3, 'Shylaja ',101);
INSERT into DOMAIN1 values('10103','Algorithms',4, 'Shruthi',101);
INSERT into DOMAIN1 values('10105', 'Database Management Systems', 4, 'Mamatha' ,101);
INSERT into DOMAIN1 values('10104', 'Discrete Mathematics',3, 'Deepa',101);
INSERT into DOMAIN1 values('20101','Digital Circuit Design',4,'Roopa ',102);
INSERT into DOMAIN1 values('20102', 'VLSI',4, 'Shilpa ', 102);
INSERT into DOMAIN1 values('20105','Network Analysis And Synthesis',3,'Jason' ,102);
INSERT into DOMAIN1 values('20110', 'Control Systems',4, 'Chandler',102);
INSERT into DOMAIN1 values('BT503', 'Microbiology',3, 'Naveen',201);
INSERT into DOMAIN1 values('BT512', 'Biochemistry',4, 'Raghu',201);
INSERT into DOMAIN1 values('BT520','Biomass Calculation',3, 'Avinash',	201);
INSERT into DOMAIN1 values('EE201', 'Analog Electronics', 4,'Ramesh',203);
INSERT into DOMAIN1 values('EE202','Liner Integrated Circuits',4,' Anil', 203);
INSERT into DOMAIN1 values('EE205', 'Power Electronics', 3, 'Sunil',203);
INSERT into DOMAIN1 values('602', 'Thermodynamics',4, 'Aswini',402);
INSERT into DOMAIN1 values('604','Fluid Mechanics',3	, 'Sowmya',402);
INSERT into DOMAIN1 values('605','Metal Casting And Welding',3, 'Suresh',402);

INSERT into FACULTY values (01,'Shylaja','Domain W', '9875646465', 'shylaja23@gmail.com',101);
INSERT into FACULTY values (02,'Deepa', 'Domain A' ,NULL,'deepas@gmail.com',101);
INSERT into FACULTY values (03,'Shruthi','Domain B','8784789787','shruthik2@gmail.com',101);
INSERT into FACULTY values (04,'Mamtha','Domain C', '7778884447','mamtha22@gmail.com',102);
INSERT into FACULTY values (11,'Roopa','Domain S', '8783873771',NULL,102);
INSERT into FACULTY values (12,'Shilpa','Domain D', '8783865341','shilpa55@gmail.com',102);
INSERT into FACULTY values (13,'Jason','Domain E', '8787872771','jason123@gmail.com',102);
INSERT into FACULTY values (14,'Chandler','Domain F', '8789473281','chandi102@gmail.com',102);
INSERT into FACULTY values (21,'Naveen','Domain G', '9783873971','naveen34@gmail.com',201);
INSERT into FACULTY values (22,'Raghu','Domain Q' , '7783873891','raghu123@gmail.com',201);
INSERT into FACULTY values (23,'Avinash','Domain I' , '7783876661','avi776 @gmail.com',201);
INSERT into FACULTY values (31,'Ramesh ','Domain N' , '9574372219','rameshjs33@gmail.com',203);
INSERT into FACULTY values (32,'Anil ','Domain O' , '9119372519','anil223@gmail.com',203);
INSERT into FACULTY values (33,'Sunil ','Domain P' , '8887776111','sunil444@gmail.com',203);
INSERT into FACULTY values (41,'Ashwini ','Domain R' , '9574373332','ashwini00@gmail.com',402);
INSERT into FACULTY values (42,'Sowmya ','Domain T' , '9577373332','sowmya2@gmail.com',402);
INSERT into FACULTY values (43,'Suresh','Domain H' , '8574373332','suresh0@gmail.com',402);

INSERT into PROJECT values('ProductX', 'Domain W',1,'Done','10101',01);
INSERT into PROJECT values('ProductY', 'Domain W',1,'Done','10101',01);
INSERT into PROJECT values('ProductZ', 'Domain D',3,'Ongoing','20102',12);
INSERT into PROJECT values('ProductP', 'Domain F',4,' Done','20110',14);
INSERT into PROJECT values('ProductQ', 'Domain N',3,'Ongoing','EE201',31);
INSERT into PROJECT values('ProductR', 'Domain I',6,'Ongoing','BT520',23);
INSERT into PROJECT values('ProductA', 'Domain G',4,' Done','BT503',21);
INSERT into PROJECT values('ProductB', 'Domain H',11,' Done','605',43);
INSERT into PROJECT values('ProductC', 'Domain I',8,'Ongoing','EE201',23);
INSERT into PROJECT values('ProductD', 'Domain B',5,'Done','10103',03);
INSERT into PROJECT values('ProductE', 'Domain S',3.5,'Ongoing','20101',11);
INSERT into PROJECT values('ProductF', 'Domain Q',16,'Ongoing','BT512',22);
INSERT into PROJECT values('ProductG', 'Domain O',3,'Done','EE202',32);
INSERT into PROJECT values('ProductH', 'Domain R',9,'Done','602',41);
INSERT into PROJECT values('ProductI', 'Domain A',7,'Ongoing','10104',02);
INSERT into PROJECT values('ProductJ', 'Domain C',2,'Done','10105',04);
INSERT into PROJECT values('ProductK', 'Domain T',10,'Ongoing','604',42);
INSERT into PROJECT values('ProductL', 'Domain H',8,'Done','605',43);
INSERT into PROJECT values('ProductM', 'Domain F',9,'Done','20110',14);
INSERT into PROJECT values('ProductN', 'Domain F',6,'Ongoing','20110',14);
INSERT into PROJECT values('ProductO', 'Domain F',1,'Done','20110',14);
INSERT into PROJECT values('ProductS', 'Domain F',12,'Ongoing','20110',14);
INSERT into PROJECT values('ProductT', 'Domain F',4,'Done','20110',14);
INSERT into PROJECT values('ProductU', 'Domain C',1,'Done','EE201',04);
INSERT into PROJECT values('ProductV', 'Domain A',12,'Ongoing','10103',02);
INSERT into PROJECT values('ProductW', 'Domain G',4,'Done','BT503',21);

INSERT into STUDENT values ('James','Borg', '888665555', '1999-11-10', '4A', 8, '9376289368', 2021, 'jamesborg@gmail.com', 101 , 'ProductX');
INSERT into STUDENT values ('Franklin','Wong','333445555', '1998-12-08','6B',8.2,'7748923784', 2020,'franklinwong@gmail.com',101 , 'ProductY');
INSERT into STUDENT values ('John','Smith','123456789', '1999-01-09','4C',8.5,'8934528890',2021,'johnsmith@gmail.com',101,NULL);
INSERT into STUDENT values ('Jennifer','Wallace','987654321', '2000-06-20','2D',8.7,'9235617824',2022,'jenniferwallace@gmail.com',102,'ProductZ');
INSERT into STUDENT values ('David','Dobrik','273235179','1998-02-20','4B',6.3,'7647516982',2021,'davidd@mail.com',203,NULL);
INSERT into STUDENT values ('Alicia','Zelaya','999887777', '1999-01-19','4E',8.8,'7823451092',2021,'aliciazeleya@gmail.com',102,'ProductP');
INSERT into STUDENT values ('Katrina','Benett','998235179','1999-12-12','6I',7.3,'9072516782',2020,'katrinab@mail.com',203,NULL);
INSERT into STUDENT values ('Ramesh','Narayan','666884444', '1999-09-15','4F',9,'9921370345',2021,'rameshnarayan@gmail.com',203,'ProductQ');
INSERT into STUDENT values ('Jadeja','Joshi','908235179','1998-10-20','4K',7.1,'8972516782',2021,'jadejaj@mail.com',201,NULL);
INSERT into STUDENT values ('Joyce','English','453453453', '1998-07-31','6A',9.2,'8874120945',2020,'joyceenglish@gmailcom',201,'ProductR');
INSERT into STUDENT values ('Serena','Williams','568235179','1998-02-22','6A',8.3,'7772510782',2020,'serenawil@mail.com',102,NULL);
INSERT into STUDENT values ('Jordan','Belford','778235179','1999-02-20','4A',9.3,'9725167821',2021,'jordiboy@gmail.com',201,NULL);
INSERT into STUDENT values ('Ahmed','Jabbar','987987987', '1999-03-29','4B',9.4,'7289361288',2021,'ahmedjabbar@gmail.com',201,'ProductA');
INSERT into STUDENT values ('Jay','Kapoor','896235179','1998-12-01','6J',7.3,'7709510782',2020,'jkapoor@mail.com',402,NULL);
INSERT into STUDENT values ('Bhumi','Lakshmi','357935179','1999-07-21','4I',8.4,'8925167821',2021,'bhumi.lakshmi@gmail.com',203,NULL);
INSERT into STUDENT values ('Louis','Litt','776687987', '2000-03-29','2D',9.9,'9833361288',2022,'louis_litt@gmail.com',201,NULL);
INSERT into STUDENT values ('Teresa','Lisbon','234500893','1998-11-14','6B',6.9,'8823612893',2020,'lisbon98@gmail.com',402,NULL);
INSERT into STUDENT values ('Grace','Vanpelt','670916739','1997-12-19','6A',7.4,'8902985829',2020,'g.vanpelt@mail.com',102,NULL);
INSERT into STUDENT values ('Wayne','Rigsby','903401235','2000-10-31','4J',8.5,'7299228092',2021,'rigsbyw@mail.com',402,NULL);
INSERT into STUDENT values ('Kimball','Choo','233289107','1999-05-03','6E',9.3,'8892705476',2020,'choo99@gmail.com',203,NULL);
INSERT into STUDENT values ('Margo','Robbie','568910234','1998-08-14','8G',7.2,'7452362783',2019,'robbiem@gmail.com',201,NULL);
INSERT into STUDENT values ('Erica','Flynn','378890234','1999-05-16','4K',5.9,'8890567897',2021,'erica.f@gmail.com',203,NULL);
INSERT into STUDENT values ('Sneha','Shankar','689235179','1999-02-24','4G',8.4,'9972516782',2021,'sneha_shankar@gmail.com',101,NULL);
INSERT into STUDENT values ('Dana','Scott','234527893','1999-04-14','6B',8.9,'9023612893',2020,'danascott@gmail.com',402,'ProductB');
INSERT into STUDENT values ('Jim','Halpert','673216739','1997-02-21','8A',9.5,'9921735829',2019,'jimhalpert@gmail.com',203,NULL);
INSERT into STUDENT values ('Patrick','Jane','823401235','2000-10-01','4B',8.2,'7251628092',2021,'patrickjane@gmail.com',203,NULL);
INSERT into STUDENT values ('Nancy','Davis','643289107','1999-05-13','6C',7.9,'8352705476',2020,'nancydavis@gmail.com',203,NULL);
INSERT into STUDENT values ('Julia','Bernhardt','328910234','1998-08-24','8C',9.8,'7892362783',2019,'julia24@gmail.com',402,NULL);
INSERT into STUDENT values ('Shruthi','Bhat','347890234','1999-05-06','4G',9.9,'8882567897',2021,'shruthibhat@gmail.com',402,NULL);
INSERT into STUDENT values ('Roopa','Joshi','678235179','1999-02-20','4H',9.3,'7772516782',2021,'roopajoshi@gmail.com',101,NULL);
INSERT into STUDENT values ('Ravi','Kumar','135246789','1999-03-20','4G',8.5,'9992516782',2021,'ravikumar@gmail.com',201,'ProductC');
INSERT into STUDENT values ('Will','Buyers','235246789','1998-07-16','6C',7.92,'9892516782',2020,'willbuy@gmail.com',101,'ProductD');
INSERT into STUDENT values ('Sheldon','Cooper','335246789','1999-12-12','4C',9.4,'9882516782',2021,'shelly22@gmail.com',102,'ProductE');
INSERT into STUDENT values ('George','Clooney','435246789','1999-11-07','4D',9.77,'9882325782',2021,'clooney4422@gmail.com',201,'ProductF');
INSERT into STUDENT values ('Taylor','Swift','535246789','2000-11-07','2D',7.1,'9882325711',2022,'taylor224422@gmail.com',203,'ProductG');
INSERT into STUDENT values ('Jimmy','Fallon','635246789','1999-02-28','4E',9.03,'9448687045',2021,'jimmy99@gmail.com',402,'ProductH');
INSERT into STUDENT values ('Meryl','Streep','735246789','1999-08-30','4F',8.08,'9446865401',2021,'merylstre4422@gmail.com',101,'ProductI');
INSERT into STUDENT values ('Emma','Stone','835246789','1998-06-06','6G',6.77,'8446865401',2020,'emma98@gmail.com',102,'ProductJ');
INSERT into STUDENT values ('Matt','Damon','865246789','1999-06-28','4A',9.13,'9558687045',2021,'matt99@gmail.com',101,NULL);
INSERT into STUDENT values ('Ellie','Thumann','915246780','1997-11-30','Graduated',8.58,'8846865401',2018,'ellie_t@gmail.com',101,NULL);
INSERT into STUDENT values ('Meghan','Fox','935911189','1998-10-16','6G',9.77,'7746865401',2020,'mfox@gmail.com',201,NULL);
INSERT into STUDENT values ('Tobias','Eaton','886746789','1998-05-21','4D',5.91,'9944686540',2021,'tobiase@gmail.com',203,NULL);
INSERT into STUDENT values ('Karan','Saxena','905206789','1999-04-28','6F',8.91,'9644686540',2020,'karan_s_h@gmail.com',402,NULL);
INSERT into STUDENT values ('Scarlett','Johansson','935246789','1999-05-21','4H',9.91,'7446865401',2021,'scarlett@gmail.com',402,'ProductK');
INSERT into STUDENT values ('Tony','Stark','035246789','1998-04-28','6I',8.91,'6446865401',2020,'ironman@gmail.com',402,'ProductL');
INSERT into STUDENT values ('Jimmy','Kimmel','665246789','1999-06-28','4E',9.13,'9558687045',2021,'jimmyk99@gmail.com',102,'ProductM');
INSERT into STUDENT values ('Lily','Singh','935246780','1997-11-30','8F',8.58,'8846865401',2019,'lilysingh@gmail.com',102,'ProductN');
INSERT into STUDENT values ('Pheobe','Buffay','935946789','1998-10-16','6G',9.77,'7746865401',2020,'pbuffay@gmail.com',102,'ProductO');
INSERT into STUDENT values ('Hannah','Peitersen','888246789','1998-05-21','4H',5.91,'9944686540',2021,'hannahp@gmail.com',102,'ProductS');
INSERT into STUDENT values ('Mike','Hannigan','935206789','1999-04-28','6I',8.91,'9644686540',2020,'mike_h@gmail.com',102,'ProductT');
INSERT into STUDENT values ('Rachel','Green','376491827','1999-05-07','4A',9.55,'9986758135',2021,'rachelgreen@gmail.com',201,NULL);
INSERT into STUDENT values ('Monica','Geller','267891236','1998-10-11','6F',8.3,'9635814355',2020,'monicageller@gmail.com',402,NULL);
INSERT into STUDENT values ('Chandler','Bing','726358901','2000-03-22','4G',9.1,'7728930472',2021,'chandlerbing@gmail.com',101,NULL);
INSERT into STUDENT values ('Joey','Tribianni','162738946','1997-08-19','Graduated',8.84,'8234019283',2018,'joeytribianni@gmail.com',402,NULL);
INSERT into STUDENT values ('Phoebe','Buffay','639281289','1999-06-21','4C',7.6,'8923890123',2021,'phoebebuffay@gmail.com',101,NULL);
INSERT into STUDENT values ('Meredith','Grey','377289346','1999-03-30','4A',8.2,'9928371920',2021,'meridithgrey@gmail.com',203,NULL);
INSERT into STUDENT values ('Cristina','Yang','178263589','1998-02-23','6D',9.4,'8894216783',2020,'cristinayang@gmail.com',102,NULL);
INSERT into STUDENT values ('Alex','Karev','762539027','2000-08-21','4E',9.6,'7728192738',2021,'alexkarev@gmail.com',201,NULL);
INSERT into STUDENT values ('Michael','Ross','362719263','1997-05-16','8G',9.2,'9902734156',2019,'mikeross@gmail.com',402,NULL);
INSERT into STUDENT values ('Tony','Stark','789273819','1999-09-11','4A',8.8,'8261729036',2021,'tonystark@gmail.com',203,NULL);
INSERT into STUDENT values ('Diya','Shah','881146789','1998-05-21','4H',5.91,'9944686540',2021,'diyashahp@gmail.com',102,'ProductU');
INSERT into STUDENT values ('Joshua','Drew','945206789','1999-04-28','6I',8.91,'9644686540',2020,'josh_d@gmail.com',102,'ProductV');
INSERT into STUDENT values ('Alexis','Castle','486491827','1999-05-07','4A',9.55,'9986758135',2021,'rachelgreen@gmail.com',201,NULL);
INSERT into STUDENT values ('Tyrion','Jacob','867891236','1998-10-11','6F',8.3,'9635814355',2020,'tyrion_j@gmail.com',402,NULL);
INSERT into STUDENT values ('Jamie','Wheet','452358901','2000-03-22','4G',9.1,'7728930472',2021,'wjamie@gmail.com',101,NULL);
INSERT into STUDENT values ('Gina','Rogriguez','276738946','1997-08-19','Graduated',8.84,'8234019283',2018,'r.gina@gmail.com',402,'ProductW');
INSERT into STUDENT values ('Michelle','Scott','475381289','1999-06-21','4C',7.6,'8923890123',2021,'michelle.scott@gmail.com',101,NULL);
INSERT into STUDENT values ('Drew','Barrymore','928489346','1999-03-30','4A',8.2,'9928371920',2021,'drew.b@gmail.com',203,NULL);
INSERT into STUDENT values ('Ray','Romano','485063589','1998-02-23','6D',9.4,'8894216783',2020,'rayromano@gmail.com',102,NULL);
INSERT into STUDENT values ('Lincoln','Jackson','935539027','2000-08-21','4E',9.6,'7728192738',2021,'linc_jack@gmail.com',201,NULL);
INSERT into STUDENT values ('Vicky','Kaushal','300039263','1997-05-16','8G',9.2,'9902734156',2019,'vicky.k@gmail.com',402,NULL);
INSERT into STUDENT values ('Nate','Duncan','233173819','1999-09-11','4A',8.8,'8261729036',2021,'nate.duncan@gmail.com',203,NULL);

INSERT into INTERNSHIP values('ICF University', '789958659', 'icf_university@mail.com', 'Elf Street', 'Domain B', '896235179');
INSERT into INTERNSHIP values('Nash Enterprises', '889898551', 'nash.ent@mail.com', 'Sherry Road', 'Domain C', '357935179');
INSERT into INTERNSHIP values('Helpers Society', '900435542', NULL, 'Jordan Street', 'Domain C', '776687987' );
INSERT into INTERNSHIP values('Rand Kaldor', '898593013', 'rand.kaldor@gmail.com', NULL, 'Domain D', '234500893');
INSERT into INTERNSHIP values('Zane Darby', '908663394','zaned@mail.com', NULL,'Domain E', '670916739');
INSERT into INTERNSHIP values('JSS University', '884958659', 'jss_university@mail.com', 'Griffith Street', 'Domain B', '903401235');
INSERT into INTERNSHIP values('Benett Enterprises', '874098551', 'benett.ent@mail.com', 'Weasly Road', 'Domain B', '233289107');
INSERT into INTERNSHIP values('Paulson Schrute', '992435542', NULL, 'Kosher Street', 'Domain A', '568910234' );
INSERT into INTERNSHIP values('Specter Litt', '808593013', 'specter.litt@gmail.com', NULL, 'Domain C', '378890234');
INSERT into INTERNSHIP values('Scott Papers', '800663394','scottp@mail.com', NULL,'Domain D', '689235179');
INSERT into INTERNSHIP values('ISC University', '904958659', 'isc_university@mail.com', 'Lincoln Street', 'Domain A', '823401235');
INSERT into INTERNSHIP values('Stark Enterprises', '884098551', 'stark.ent@mail.com', 'Orchard Road', 'Domain B', '643289107');
INSERT into INTERNSHIP values('Spastic Society', '892435542', NULL, 'Grafton Street', 'Domain C', '328910234' );
INSERT into INTERNSHIP values('Pearson Hardman', '748593013', 'pearson.hardman@gmail.com', NULL, 'Domain E', '347890234');
INSERT into INTERNSHIP values('Dunder Mifflin', '848663394','dunderm@mail.com', NULL,'Domain E', '678235179');
INSERT into INTERNSHIP values('JRV University', '904958659', 'jrv_university@mail.com', 'Johnson Street', 'Domain D', '865246789');
INSERT into INTERNSHIP values('Lanister Enterprises', '884098551', 'lanister.ent@mail.com', 'Kalyan Road', 'Domain B', '915246780');
INSERT into INTERNSHIP values('Dorne Bolton', '892435542', NULL, 'Greene Street', 'Domain D', '935911189' );
INSERT into INTERNSHIP values('Walter Jesse', '748593013', 'walter.jesse@gmail.com', NULL, 'Domain A', '886746789');
INSERT into INTERNSHIP values('Whiteman Motors', '878663394','whitemanmotors@mail.com', NULL,'Domain E', '905206789');
INSERT into INTERNSHIP values('Tyrell Enterprises', '889798551', 'tyrell.ent@mail.com', 'Bakers Road', 'Domain B', '485063589');
INSERT into INTERNSHIP values('Tully Woodly', '891435542', NULL, 'Pearl Street', 'Domain D', '935539027' );
INSERT into INTERNSHIP values('NVG University', '748595513', 'nvgu@gmail.com', NULL, 'Domain A', '300039263');
INSERT into INTERNSHIP values('Pinkman Motors', '908663394','pinkmanmotors@mail.com', NULL,'Domain E', '233173819');
INSERT into INTERNSHIP values('Benett Industry', '918663394','bennet221@mail.com', NULL,'Domain B', '998235179');
INSERT into INTERNSHIP values('IIHT Enterprises', '908663322','iihtjaynagar@mail.com', 'Church Street','Domain C', '123456789');
INSERT into INTERNSHIP values('Jindal Jobs', '907663394','jindal.jj@gmail.com','Ramnagar','Domain B', '908235179');
INSERT into INTERNSHIP values('Intel', '906663394','intelenterprises@mail.com','Girinagar','Domain C', '568235179');
INSERT into INTERNSHIP values('Greenman Motors', '905663394','greenmanmotors@mail.com', NULL,'Domain Z', '273235179');
INSERT into INTERNSHIP values('Rapido Intern', '648593013', 'rapidointern@gmail.com','MG Road', 'Domain Y', '778235179');
INSERT into INTERNSHIP values('Yellowman Motors', '818663394','yellowman@mail.com',NULL,'Domain E', '673216739');
INSERT into INTERNSHIP values('Millie Enterprises', '595998551', 'millie@mail.com', 'Magadi Road', 'Domain E', '376491827');
INSERT into INTERNSHIP values('Joseph Interns', '792435542', NULL, 'Geller Street', 'Domain B', '267891236' );
INSERT into INTERNSHIP values('IBM Intern', '948593003', 'ibm123@gmail.com', NULL, 'Domain B', '726358901');
INSERT into INTERNSHIP values('Microsoft Intern', '900663394','microsoft@mail.com', NULL,'Domain B', '162738946');
INSERT into INTERNSHIP values('Tyrian Enterprises', '779797751', 'tyrian12@mail.com', 'Bakers Street', 'Domain E', '639281289');
INSERT into INTERNSHIP values('NPS University', '791435542', NULL, 'Indiranagar', 'Domain A', '377289346' );
INSERT into INTERNSHIP values('GCD University', '948595521', 'gcdu@gmail.com', NULL, 'Domain Z', '178263589');
INSERT into INTERNSHIP values('Wipro', '668663394','mwipro@mail.com','Electronic City','Domain E', '762539027');
INSERT into INTERNSHIP values('Targarian Industry', '918883394','targraian@mail.com', NULL,'Domain J', '362719263');
INSERT into INTERNSHIP values('PESIT Enterprises', '808663322','pesit@mail.com', 'Seattle Road','Domain J', '789273819');
INSERT into INTERNSHIP values('IOS Development', '908663554','ios2233@mail.com', NULL,'Domain K', '486491827');
INSERT into INTERNSHIP values('Cisco', '9181675294','ciscobang@mail.com', NULL,'Domain A', '867891236');
INSERT into INTERNSHIP values('Asabasa Industry', '809223398','asabas99@mail.com', 'Diners Street','Domain K', '452358901');
INSERT into INTERNSHIP values('Tata Motors', '778663394','tata123@mail.com', NULL,'Domain J', '475381289');
INSERT into INTERNSHIP values('Winterfell University', '998863392','winterfell223@mail.com','Kings Landing','Domain E', '928489346');

INSERT into WORKS_ON values ('665246789', 'ProductM',NULL);
INSERT into WORKS_ON values ('935246780', 'ProductN','2018-10-11');
INSERT into WORKS_ON values ('935946789', 'ProductO','2019-01-06');
INSERT into WORKS_ON values ('888246789', 'ProductS',NULL);
INSERT into WORKS_ON values ('935206789', 'ProductT',NULL);
INSERT into WORKS_ON values ('888665555', 'ProductX', '2019-02-03');
INSERT into WORKS_ON values ('333445555', 'ProductY', '2019-02-06');
INSERT into WORKS_ON values ('987654321', 'ProductZ','2018-12-13');
INSERT into WORKS_ON values ('999887777', 'ProductP','2018-11-04');
INSERT into WORKS_ON values ('666884444', 'ProductQ','2018-12-10');
INSERT into WORKS_ON values ('453453453', 'ProductR','2018-09-06');
INSERT into WORKS_ON values ('987987987', 'ProductA','2018-11-20');
INSERT into WORKS_ON values ('234527893', 'ProductB','2018-02-03');
INSERT into WORKS_ON values ('135246789', 'ProductC','2018-07-23');
INSERT into WORKS_ON values ('235246789', 'ProductD','2018-10-17');
INSERT into WORKS_ON values ('335246789', 'ProductE','2018-11-20');
INSERT into WORKS_ON values ('435246789', 'ProductF','2017-09-01');
INSERT into WORKS_ON values ('535246789', 'ProductG','2018-12-06');
INSERT into WORKS_ON values ('635246789', 'ProductH',NULL);
INSERT into WORKS_ON values ('735246789', 'ProductI','2018-08-10');
INSERT into WORKS_ON values ('835246789', 'ProductJ','2019-01-09');
INSERT into WORKS_ON values ('935246789', 'ProductK','2018-05-13');
INSERT into WORKS_ON values ('035246789', 'ProductL','2018-07-16');
INSERT into WORKS_ON values ('881146789', 'ProductU','2019-01-19');
INSERT into WORKS_ON values ('945206789', 'ProductV','2018-05-23');
INSERT into WORKS_ON values ('276738946', 'ProductW','2017-07-03');

select * from COLLEGE;
select * from DEPARTMENT;
select * from DEPT_LOCATIONS;
select * from FACULTY;
select * from DOMAIN1;
select * from STUDENT;
select * from PROJECT;
select * from INTERNSHIP;
select * from WORKS_ON;